{
  "lighting": "vialrgb",
  "matrix": {
    "rows": 4,
    "cols": 11
  },
  "layouts": {
    "keymap": [
      [
        {
          "x": 3
        },
        "0,3",
        {
          "x": 6.5
        },
        "0,8"
      ],
      [
        {
          "y": -0.75,
          "x": 2
        },
        "0,2",
        {
          "x": 1
        },
        "0,4",
        {
          "x": 4.5
        },
        "0,7",
        {
          "x": 1
        },
        "0,9"
      ],
      [
        {
          "y": -0.75
        },
        "0,0",
        "0,1",
        {
          "x": 3
        },
        "0,5",
        {
          "x": 2.5
        },
        "0,6",
        {
          "x": 3
        },
        "0,10",
        "0,11"
      ],
      [
        {
          "y": -0.5,
          "x": 3
        },
        "1,3",
        {
          "x": 6.5
        },
        "1,8"
      ],
      [
        {
          "y": -0.75,
          "x": 2
        },
        "1,2",
        {
          "x": 1
        },
        "1,4",
        {
          "x": 4.5
        },
        "1,7",
        {
          "x": 1
        },
        "1,9"
      ],
      [
        {
          "y": -0.75
        },
        "1,0",
        "1,1",
        {
          "x": 3
        },
        "1,5",
        {
          "x": 2.5
        },
        "1,6",
        {
          "x": 3
        },
        "1,10",
        "1,11"
      ],
      [
        {
          "y": -0.5,
          "x": 3
        },
        "2,3",
        {
          "x": 6.5
        },
        "2,8"
      ],
      [
        {
          "y": -0.7999999999999998,
          "x": 6
        },
        "3,5"
      ],
      [
        {
          "y": -0.9500000000000002,
          "x": 2
        },
        "2,2",
        {
          "x": 1
        },
        "2,4",
        {
          "x": 4.5
        },
        "2,7",
        {
          "x": 1
        },
        "2,9"
      ],
      [
        {
          "y": -0.75
        },
        "2,0",
        "2,1",
        {
          "x": 3
        },
        "2,5",
        {
          "x": 2.5
        },
        "2,6",
        {
          "x": 3
        },
        "2,10",
        "2,11"
      ],
      [
        {
          "y": -0.25,
          "x": 2.75
        },
        "3,1",
        "3,2",
        {
          "x": 5
        },
        "3,8",
        "3,9"
      ],
      [
        {
          "y": -0.75,
          "x": 4.75
        },
        "3,3",
        {
          "x": 3
        },
        "3,7"
      ],
      [
        {
          "r": 15,
          "y": -3,
          "x": 6.75
        },
        "3,4"
      ],
      [
        {
          "r": -15,
          "y": 2.75,
          "x": 6.25
        },
        "3,6"
      ]
    ]
  }
}